{"cameraMode":{"drawMode":0,"name":"Shaded","section":"Shading Mode"},"sceneLighting":false,"audioPlay":false,"sceneViewState":{"m_AlwaysRefresh":false,"showFog":true,"showSkybox":false,"showFlares":true,"showImageEffects":true,"showParticleSystems":true,"showVisualEffectGraphs":true,"m_FxEnabled":true},"in2DMode":false,"pivot":{"x":-0.3046022951602936,"y":2.397010564804077,"z":0.11037816852331162},"rotation":{"x":-0.10505049675703049,"y":0.7290024161338806,"z":-0.11488723009824753,"w":-0.6665797233581543},"size":3.2162976264953615,"orthographic":false}