{"cameraMode":{"drawMode":0,"name":"Shaded","section":"Shading Mode"},"sceneLighting":false,"audioPlay":false,"sceneViewState":{"m_AlwaysRefresh":false,"showFog":true,"showSkybox":false,"showFlares":true,"showImageEffects":true,"showParticleSystems":true,"showVisualEffectGraphs":true,"m_FxEnabled":true},"in2DMode":false,"pivot":{"x":0.02688908576965332,"y":2.0005059242248537,"z":0.01899123191833496},"rotation":{"x":-0.17808286845684052,"y":0.6240808367729187,"z":-0.14896392822265626,"w":-0.7460722327232361},"size":4.12567663192749,"orthographic":false}