{"cameraMode":{"drawMode":0,"name":"Shaded","section":"Shading Mode"},"sceneLighting":false,"audioPlay":false,"sceneViewState":{"m_AlwaysRefresh":false,"showFog":true,"showSkybox":false,"showFlares":true,"showImageEffects":true,"showParticleSystems":true,"showVisualEffectGraphs":true,"m_FxEnabled":true},"in2DMode":false,"pivot":{"x":-0.5926662087440491,"y":-0.7221263647079468,"z":-3.352454900741577},"rotation":{"x":0.12381340563297272,"y":-0.38851842284202578,"z":0.052770793437957767,"w":0.9115577936172485},"size":4.1105241775512699,"orthographic":false}